Company Name,Website URL,First Name,Email,
Icca,https://icca.nyc/,there,info@icca.nyc,info@icca.nyc
Chambers,https://chambers.nyc/,there,holler@chambers.nyc,holler@chambers.nyc
Ito,https://itotribeca.com/,there,reservedContactinfo@itotribeca.com,reservedContactinfo@itotribeca.com
Ito,https://itotribeca.com/,there,info@itolasvegas.com,info@itolasvegas.com
Ito,https://itotribeca.com/,there,info@itotribeca.com,info@itotribeca.com
The Odeon,https://www.theodeonrestaurant.com/,there,info@theodeonrestaurant.com,info@theodeonrestaurant.com
The Odeon,https://www.theodeonrestaurant.com/,Aaron,aaron@theodeonrestaurant.com,aaron@theodeonrestaurant.com
Atera,http://ateranyc.com/,there,reservations@ateranyc.com,reservations@ateranyc.com
Atera,http://ateranyc.com/,there,privateevents@ateranyc.com,privateevents@ateranyc.com
Atera,http://ateranyc.com/,there,info@ateranyc.com,info@ateranyc.com
Atera,http://ateranyc.com/,there,press@ateranyc.com,press@ateranyc.com
Farra,https://www.farranyc.com/,there,info@farranyc.com,info@farranyc.com
Shion 69 Leonard Street,https://www.69leonardstreet.com/,there,info@69leonardstreet.com,info@leonardstreet.com
Shion 69 Leonard Street,https://www.69leonardstreet.com/,there,ielkon@graphnet.com,ielkon@graphnet.com
Tamarind,https://tamarindtribeca.com/,there,tamarindnyc@gmail.com,tamarindnyc@gmail.com
One White Street,https://www.onewhitestreetnyc.com/,there,events@onewhitestreetnyc.com,events@onewhitestreetnyc.com
One White Street,https://www.onewhitestreetnyc.com/,there,hello@onewhitestreetnyc.com,hello@onewhitestreetnyc.com
One White Street,https://www.onewhitestreetnyc.com/,there,careers@onewhitestreetnyc.com,careers@onewhitestreetnyc.com
Crown Shy,https://www.crownshy.nyc/,there,reservations@crownshy.nyc,reservations@crownshy.nyc
Crown Shy,https://www.crownshy.nyc/,there,events@crownshy.nyc,events@crownshy.nyc
Frenchette,https://www.frenchettenyc.com/,there,info@frenchettenyc.com,info@frenchettenyc.com
Frenchette,https://www.frenchettenyc.com/,there,fete@frenchettenyc.com,fete@frenchettenyc.com
Saga,https://www.saga-nyc.com/,there,media@saga-nyc.com,media@saga-nyc.com
Saga,https://www.saga-nyc.com/,there,reservations@saga-nyc.com,reservations@saga-nyc.com
Locanda Verde,https://www.locandaverdenyc.com/,Marie,marie@nhgnyc.com,marie@nhgnyc.com
Locanda Verde,https://www.locandaverdenyc.com/,there,info@locandaverdenyc.com,info@locandaverdenyc.com
Locanda Verde,https://www.locandaverdenyc.com/,there,Jobs@LocandaVerdeNYC.com,Jobs@LocandaVerdeNYC.com
Dim Sum Go Go,https://www.dimsumgogonyc.com/,there,info@dimsumgogonyc.com,info@dimsumgogonyc.com
Dim Sum Go Go,https://www.dimsumgogonyc.com/,Xiaohua,xiaohua@malaproject.com,xiaohua@malaproject.com
Golden Unicorn,https://www.goldenunicornrestaurant.com/,there,info@goldenunicornrestaurant.com,info@goldenunicornrestaurant.com
Golden Unicorn,https://www.goldenunicornrestaurant.com/,,,
Golden Unicorn,https://www.goldenunicornrestaurant.com/,there,goldenunicornny@yahoo.com,goldenunicornny@yahoo.com
Carne Mare,https://www.carnemare.com/,there,info@carnemare.com,info@carnemare.com
La Mercerie,https://www.lamercerieny.com/,there,reservations@lamercerieny.com,reservations@lamercerieny.com
La Mercerie,https://www.lamercerieny.com/,there,press@rwguild.com,press@rwguild.com
La Mercerie,https://www.lamercerieny.com/,there,events@lamercerieny.com,events@lamercerieny.com
L’abeille à Côté,https://www.labeilleacote.nyc/,there,pr@labeille.nyc,pr@labeille.nyc
Corima,https://corimanyc.com/,there,info@corimanyc.com,info@corimanyc.com
Shabushabu Mayumon,https://www.shabushabumayumon.com/,there,shabushabumayumon@gmail.com,shabushabumayumon@gmail.com
Hirohisa,https://www.hirohisa.nyc/,Hirohisa,info@hirohisa.nyc,info@hirohisa.nyc
Potluck Club,https://thepotluckclubny.com/,there,events@potluckclubny.com,events@potluckclubny.com
Potluck Club,https://thepotluckclubny.com/,there,catering@potluckclubny.com,catering@potluckclubny.com
Altro Paradiso,https://www.altroparadiso.com/,Mattos,events@mattos-hospitality.comFor,events@mattos-hospitality.com
Altro Paradiso,https://www.altroparadiso.com/,Sarah,sarah@wickedgm.com,sarah@wickedgm.com
Altro Paradiso,https://www.altroparadiso.com/,there,info@altroparadiso.com,info@altroparadiso.com
Altro Paradiso,https://www.altroparadiso.com/,David,david@gruberstrategies.com,david@gruberstrategies.com
Altro Paradiso,https://www.altroparadiso.com/,there,events@mattos-hospitality.com,eventsmattoshospitalitycom
Vestry,https://www.vestrynyc.com/,Zac,zac@vestrynyc.com,zac@vestrynyc.com
Vestry,https://www.vestrynyc.com/,there,forms@tambourine.com,formstambourinecom
Vestry,https://www.vestrynyc.com/,Tara,tara@hallpr.com,tara@hallpr.com
Vestry,https://www.vestrynyc.com/,Asheli,asheli@vestrynyc.com,asheli@vestrynyc.com
Vestry,https://www.vestrynyc.com/,Ashli,ashli@vestrynyc.com,ashlivestrynyccom
San Carlo Osteria Piemonte,https://www.sancarlonyc.com/,there,info@sancarlonyc.com,info@sancarlonyc.com
Tolo,https://tolonyc.com/,there,info@tolonyc.com,info@tolonyc.com
Dirt Candy,https://www.dirtcandynyc.com/,Amanda,info@dirtcandynyc.com,info@dirtcandynyc.com
Dirt Candy,https://www.dirtcandynyc.com/,Amanda,press@dirtcandynyc.com,press@dirtcandynyc.com
Raoul's,http://www.raouls.com/,there,info@raouls.com,info@raouls.com
Raoul's,http://www.raouls.com/,there,jobs@raouls.com,jobs@raouls.com
Raoul's,http://www.raouls.com/,Alice,alice@raouls.com,alice@raouls.com
Raoul's,http://www.raouls.com/,David,david@raouls.com,david@raouls.com
Pinch Chinese,https://www.pinchchinese.com/,there,nihao@pinchchinese.com,nihao@pinchchinese.com
Pinch Chinese,https://www.pinchchinese.com/,there,events@pinchchinese.com,events@pinchchinese.com
The Dutch,https://www.thedutchnyc.com/,Adrielle,adrielle@nhgnyc.com,adrielle@nhgnyc.com
The Dutch,https://www.thedutchnyc.com/,there,info@thedutchnyc.com,info@thedutchnyc.com
The Dutch,https://www.thedutchnyc.com/,there,pr@nhgnyc.com,pr@nhgnyc.com
The Dutch,https://www.thedutchnyc.com/,there,jobs@thedutchnyc.com,jobs@thedutchnyc.com
Sushi Ikumi,https://www.ikumi.nyc/,there,info@ikumi.nyc,info@ikumi.nyc
Torrisi,https://www.torrisinyc.com,there,reservations@torrisinyc.com,reservations@torrisinyc.com
Bar Tulix,https://www.bartulix.com/,Sara,sara@mercerstreethospitality.com,sara@mercerstreethospitality.com
Russ & Daughters Cafe,https://www.russanddaughterscafe.com/,there,giftcards@russanddaughters.com,giftcards@russanddaughters.com
Russ & Daughters Cafe,https://www.russanddaughterscafe.com/,there,cafe@russanddaughters.com,cafe@russanddaughters.com
Russ & Daughters Cafe,https://www.russanddaughterscafe.com/,there,comms@russanddaughters.com,comms@russanddaughters.com
Russ & Daughters Cafe,https://www.russanddaughterscafe.com/,there,info@morgensternsnyc.com,info@morgensternsnyc.com
The Musket Room,https://www.musketroom.com/,there,events@musketroom.com,events@musketroom.com
King,https://kingrestaurant.nyc/,there,info@kingrestaurant.nyc,info@kingrestaurant.nyc
King,https://kingrestaurant.nyc/,Merissa,merissa@kingrestaurant.nyc,merissa@kingrestaurant.nyc
Charlie Bird,https://www.charliebirdnyc.com/,there,info@charliebirdnyc.com,info@charliebirdnyc.com
Charlie Bird,https://www.charliebirdnyc.com/,there,events@dhgnyc.com,events@dhgnyc.com
Estela,https://www.estelanyc.com/,Estela,info@estelanyc.com,info@estelanyc.com
Estela,https://www.estelanyc.com/,there,events@mattos-hospitality.com.For,events@mattos-hospitality.com
Estela,https://www.estelanyc.com/,Estela,info@estelanyc.com.For,info@estelanyc.com
Emilio's Ballato,https://www.ballatos.com/,there,mballatos@gmail.com,mballatos@gmail.com
DOMODOMO,https://www.domodomonyc.com/,Dominic,domodomonyc@gmail.com,domodomonyc@gmail.com
Lupa,https://luparestaurant.com/,there,events@luparestaurant.com,events@luparestaurant.com
Lupa,https://luparestaurant.com/,there,info@luparestaurant.com,info@luparestaurant.com
Torien,https://torien-nyc.com/,Natalia,natalia@showahospitality.com,nataliashowahospitalitycom
Torien,https://torien-nyc.com/,there,hi@torien-nyc.com,hitorien-nyccom
Torien,https://torien-nyc.com/,Yuki,yuki@showahospitality.com,yuki@showahospitality.com
Carbone,https://www.carbonenewyork.com/,there,events@majorfood.com,events@majorfood.com
Carbone,https://www.carbonenewyork.com/,there,info@carbonenewyork.com,info@carbonenewyork.com
Carbone,https://www.carbonenewyork.com/,there,reservations@majorfood.com,reservations@majorfood.com
8282,https://www.eightwoeightwo.com/,there,info@eightwoeightwo.com,info@eightwoeightwo.com
Baar Baar,https://baarbaarnyc.com/,Denise,denise@bolstermedianyc.com,denise@bolstermedianyc.com
Baar Baar,https://baarbaarnyc.com/,there,Info@baarbaarnyc.com,Info@baarbaarnyc.com
Baar Baar,https://baarbaarnyc.com/,there,events@baarbaarnyc.com,events@baarbaarnyc.com
Baar Baar,https://baarbaarnyc.com/,there,delivery@baarbaarnyc.com,delivery@baarbaarnyc.com
Baar Baar,https://baarbaarnyc.com/,Baarbaar,baarbaar@breadandbutterpr.com,baarbaar@breadandbutterpr.com
Dame,https://www.damenewyork.com,there,marmalade@damenewyork.com,marmalade@damenewyork.com
Dame,https://www.damenewyork.com,Patricia,patricia@damenewyork.com,patricia@damenewyork.com
C as in Charlie,https://www.c-asincharlie.com/,Charlie,CHARLIE@C-ASINCHARLIE.COM,CHARLIE@C-ASINCHARLIE.COM
C as in Charlie,https://www.c-asincharlie.com/,Charlie,CASINCHARLIE@BECCAPR.COM,CASINCHARLIE@BECCAPR.COM
Sami & Susu,https://www.samiandsusu.com/,Sami,info@samiandsusu.com,info@samiandsusu.com
Sami & Susu,https://www.samiandsusu.com/,there,user@domain.com,user@domain.com
Bar Primi,https://www.barprimi.com/,there,info@barprimi.com,info@barprimi.com
MayRee,https://www.mayreenyc.com/,there,mayree58east@gmail.com,mayreeeast@gmail.com
MayRee,https://www.mayreenyc.com/,there,mayree58east@gmail.comPowered,mayreeeast@gmail.comPowered
MayRee,https://www.mayreenyc.com/,there,email@example.com,email@example.com
Atla,http://eatatla.com/,there,noho@eatatla.com,noho@eatatla.com
Atla,http://eatatla.com/,there,venice@eatatla.com,venice@eatatla.com
Nami Nori,https://naminori.nyc/,there,info@naminori.nyc,info@naminori.nyc
Yoshino,https://www.yoshinonewyork.com/,there,media@yoshinonewyork.com,media@yoshinonewyork.com
Minetta Tavern,https://www.minettatavernny.com/,there,events@minettatavernny.com,events@minettatavernny.com
Minetta Tavern,https://www.minettatavernny.com/,there,press@minettatavernny.com,press@minettatavernny.com
Minetta Tavern,https://www.minettatavernny.com/,there,info@minettatavernny.com,info@minettatavernny.com
Katz's,https://katzsdelicatessen.com/,there,press@katzsdelicatessen.com,press@katzsdelicatessen.com
Katz's,https://katzsdelicatessen.com/,there,catering@katzsdelicatessen.com,catering@katzsdelicatessen.com
Il Buco Alimentari e Vineria,https://ilbuco.com/,there,bottega@ilbuco.com,bottega@ilbuco.com
Il Buco Alimentari e Vineria,https://ilbuco.com/,there,press@ilbuco.com,press@ilbuco.com
63 Clinton,https://www.63clinton.com/,there,info@63clinton.com,info@63clinton.com
63 Clinton,https://www.63clinton.com/,Bianca,Creativebianca@pommecreative.com,Creativebianca@pommecreative.com
63 Clinton,https://www.63clinton.com/,Bianca,bianca@pommecreative.com,bianca@pommecreative.com
The Commerce Inn,https://www.thecommerceinn.com/,there,welcome@thecommerceinn.com,welcome@thecommerceinn.com
Silver Apricot,https://www.silverapricot.nyc/,there,reservations@silverapricot.nyc,reservations@silverapricot.nyc
Silver Apricot,https://www.silverapricot.nyc/,there,info@silverapricot.nyc,info@silverapricot.nyc
Foul Witch,https://www.foulwitchnyc.com/,there,press@foulwitchnyc.com,press@foulwitchnyc.com
Foul Witch,https://www.foulwitchnyc.com/,there,info@foulwitchnyc.com,info@foulwitchnyc.com
Ivan Ramen,https://www.ivanramen.com/,Ivan,info@ivanramen.com,info@ivanramen.com
Little Myanmar,https://www.littlemyanmar.nyc/,there,littlemyanmar22@gmail.com,littlemyanmargmailcom
Family Meal at Blue Hill,https://www.bluehillfarm.com/,Philippe,philippe@bluehillfarm.com,philippe@bluehillfarm.com
Family Meal at Blue Hill,https://www.bluehillfarm.com/,there,reservationsnyc@bluehillfarm.com,reservationsnyc@bluehillfarm.com
Family Meal at Blue Hill,https://www.bluehillfarm.com/,there,recruiting@bluehillfarm.com,recruiting@bluehillfarm.com
Family Meal at Blue Hill,https://www.bluehillfarm.com/,there,reservations@bluehillfarm.com,reservations@bluehillfarm.com
Family Meal at Blue Hill,https://www.bluehillfarm.com/,Franco,franco@bluehillfarm.com,franco@bluehillfarm.com
Family Meal at Blue Hill,https://www.bluehillfarm.com/,Events,events@bluehillfarm.com,events@bluehillfarm.com
Family Meal at Blue Hill,https://www.bluehillfarm.com/,Anya,anya@bluehillfarm.com,anya@bluehillfarm.com
Family Meal at Blue Hill,https://www.bluehillfarm.com/,Violeta,violeta@bluehillfarm.com,violeta@bluehillfarm.com
Jeju Noodle Bar,https://www.jejunoodlebar.com/,there,info@jejunoodlebar.com,info@jejunoodlebar.com
Jeju Noodle Bar,https://www.jejunoodlebar.com/,there,reservations@jejunoodlebar.com,reservations@jejunoodlebar.com
I Sodi,https://www.isodinyc.com/,there,info@isodinyc.com,info@isodinyc.com
Babbo,https://www.babbonyc.com/,there,groupdining@babbonyc.com,groupdining@babbonyc.com
Babbo,https://www.babbonyc.com/,there,info@babbonyc.com,info@babbonyc.com
Babbo,https://www.babbonyc.com/,there,privatedining@babbonyc.com,privatedining@babbonyc.com
Monsieur Vo,https://www.madamevo.com/monsieur-vo-menu,there,hello@monsieurvonyc.com,hello@monsieurvonyc.com
Monsieur Vo,https://www.madamevo.com/monsieur-vo-menu,Yen,Yen@madamevonyc.com,Yen@madamevonyc.com
Monsieur Vo,https://www.madamevo.com/monsieur-vo-menu,there,hello@madamevonyc.com,hello@madamevonyc.com
Via Carota,https://www.viacarota.com/,there,ciao@viacarota.com,ciao@viacarota.com
Shmoné,https://www.shmonenyc.com/,there,events@shmonenyc.com,eventsshmonenyccom
Shmoné,https://www.shmonenyc.com/,there,events@miznonnyc.com,events@miznonnyc.com
Shmoné,https://www.shmonenyc.com/,there,contact@shmonenyc.com,contact@shmonenyc.com
Ariari,https://ariarinyc.com/,Aria,info@ariarinyc.com,info@ariarinyc.com
MáLà Project,https://www.malaproject.nyc/,there,party@malaproject.com,party@malaproject.com
MáLà Project,https://www.malaproject.nyc/,Irene,irene@malaproject.com,irene@malaproject.com
MáLà Project,https://www.malaproject.nyc/,Indra,Indra@malaproject.com,Indra@malaproject.com
Nudibranch,https://nudibranchnyc.com/,Christina,christinalau407@gmail.com,christinalau@gmail.com
Moody Tongue Sushi,https://www.moodytongue.com/moody-tongue-sushi/,there,contact@moodytongue.com,contact@moodytongue.com
Moody Tongue Sushi,https://www.moodytongue.com/moody-tongue-sushi/,there,newyork@moodytongue.com,newyork@moodytongue.com
Pylos,https://pylosrestaurant.com/,there,info@pylosresaurant.com,info@pylosrestaurant.com
Pylos,https://pylosrestaurant.com/,there,info@pylosrestaurant.com,info@pylosrestaurant.com
Superiority Burger,http://www.superiorityburger.com/,there,info@superiorityburger.com,info@superiorityburger.com
Wallsé,https://www.wallse.com/,there,contact@wallse.com,contact@wallse.com
Wallsé,https://www.wallse.com/,there,BG@wallse.com,BG@wallse.com
Wallsé,https://www.wallse.com/,Charles,Charles@wallse.com,Charles@wallse.com
The Office of Mr. Moto,https://www.dearmrmoto.com/,there,hello@dearmrmoto.com,hello@dearmrmoto.com
Bar Miller,https://www.barmiller.com/,Bar,info@barmiller.com,info@barmiller.com
Gotham,http://www.gotham.restaurant,Bret,bret@gotham.restaurant,bret@gotham.restaurant
Gotham,http://www.gotham.restaurant,Yanette,yanette@gotham.restaurant,yanette@gotham.restaurant
Kanoyama,https://kanoyama.com/,there,info@ndiscovered.com,info@ndiscovered.com
Kanoyama,https://kanoyama.com/,there,info@indiantypefoundry.com,info@indiantypefoundry.com
Hunan Bistro,https://www.hunanbistrony.com/,there,info@chinesemenuonline.com,info@chinesemenuonline.com
Balaboosta,https://www.balaboostanyc.com/,there,info@balaboostanyc.com,info@balaboostanyc.com
Balaboosta,https://www.balaboostanyc.com/,there,Events@BalaboostaNYC.com,Events@BalaboostaNYC.com
Don Angie,https://www.donangie.com/,there,mcrane@qualitybranded.com,mcrane@qualitybranded.com
Don Angie,https://www.donangie.com/,David,dbryant@qualitybranded.com,dbryant@qualitybranded.com
Kosaka,https://www.kosakanyc.com/,there,info@kosakanyc.com,info@kosakanyc.com
15 East at Tocqueville,https://15easttocquevillenyc.com/,there,email@address.com,email@address.com
15 East at Tocqueville,https://15easttocquevillenyc.com/,there,vc01@e15t.com,vc@et.com
Bangkok Supper Club,https://www.bangkoksupperclubnyc.com/,there,info@bscnyc.co,info@bscnyc.co
Chama Mama,https://www.chamamama.com/,Mama,mama@chamamama.com,mama@chamamama.com
Chama Mama,https://www.chamamama.com/,there,events@chamamama.com,events@chamamama.com
Gage & Tollner,https://www.gageandtollner.com/,there,reservations@gageandtollner.com,reservations@gageandtollner.com
Saint Julivert Fisherie,https://www.saintjulivertbk.com/,Xavier,Xavier@SaintJulivertbk.com,Xavier@SaintJulivertbk.com
Saint Julivert Fisherie,https://www.saintjulivertbk.com/,Rob,rob@lavarany.com,rob@lavarany.com
Kanyakumari,http://kanyakumarinyc.com/,there,info@kanyakumarinyc.com,info@kanyakumarinyc.com
Casa Mono,https://casamononyc.com/,there,events@casamononyc.com,events@casamononyc.com
Portale,https://www.portalerestaurant.com/,there,Reservations@PortaleRestaurant.com,Reservations@PortaleRestaurant.com
Genesis House Restaurant,https://www.genesishouse.com/us/en/nyc/index.html,there,info@genesishouseNYC.com,info@genesishouseNYC.com
Oceans,https://oceansnewyork.com/,Maggie,maggie.obrien@oceansnewyork.com,maggieobrien@oceansnewyork.com
Oceans,https://oceansnewyork.com/,Molly,molly.ray@toptable.ca,molly.ray@toptable.ca
Oceans,https://oceansnewyork.com/,there,events@oceansnewyork.com,events@oceansnewyork.com
Oceans,https://oceansnewyork.com/,there,info@oceansnewyork.com,info@oceansnewyork.com
Carlotto,https://www.carlottonewyork.com/,Carlotta,info@carlottonewyork.com,info@carlottonewyork.com
Craft,https://www.craftrestaurant.com/,there,PrivateDining@CraftRestaurant.com,PrivateDining@CraftRestaurant.com
Craft,https://www.craftrestaurant.com/,Chris,CCowan@craftedhospitality.com,CCowan@craftedhospitality.com
Oiji Mi,https://www.oijimi.com/,there,info@oijimi.com,info@oijimi.com
Rezdôra,https://www.rezdora.nyc/,there,merch@rezdora.nyc,merch@rezdora.nyc
Noda,https://www.noda.nyc/,there,events@noda.nyc,events@noda.nyc
odo,https://www.odo.nyc/,Odo,odo.reservation@gmail.com,odoreservation@gmail.com
odo,https://www.odo.nyc/,there,utsuwa.tg.1720@gmail.com,utsuwa.tg@gmail.com
Mile End,https://www.mileenddeli.com/,there,catering@mileenddeli.com,catering@mileenddeli.com
Mile End,https://www.mileenddeli.com/,there,info@mileenddeli.com,info@mileenddeli.com
Cosme,https://www.cosmenyc.com/,there,press@casamata.com,press@casamata.com
Cosme,https://www.cosmenyc.com/,there,press@cosmenyc.com,press@cosmenyc.com
Cosme,https://www.cosmenyc.com/,there,privatedining@cosmeny.com,privatedining@cosmeny.com
Cosme,https://www.cosmenyc.com/,there,info@casamata.com,info@casamata.com
Cosme,https://www.cosmenyc.com/,there,info@cosmenyc.com,info@cosmenyc.com
La Devozione: The Oval,https://www.ladevozionenyc.com/,there,events@ladevozionenyc.com,events@ladevozionenyc.com
Mel's,https://www.mels-nyc.com/,Melanie,reservations@mels-nyc.com,reservations@mels-nyc.com
Cote,https://www.cotekoreansteakhouse.com/,there,marketing@gracioushm.com,marketing@gracioushm.com
Cote,https://www.cotekoreansteakhouse.com/,there,event@cotenyc.com,event@cotenyc.com
Cote,https://www.cotekoreansteakhouse.com/,there,event@cotemiami.com,event@cotemiami.com
Cote,https://www.cotekoreansteakhouse.com/,there,press@cotesingapore.com,press@cotesingapore.com
Cote,https://www.cotekoreansteakhouse.com/,there,inquiriespress@cotenyc.com,inquiriespress@cotenyc.com
Cote,https://www.cotekoreansteakhouse.com/,there,press@cotemiami.com,press@cotemiami.com
Cote,https://www.cotekoreansteakhouse.com/,there,events@cotemiami.com,eventscotemiamicom
Cote,https://www.cotekoreansteakhouse.com/,there,press@cotenyc.com,press@cotenyc.com
Cote,https://www.cotekoreansteakhouse.com/,there,inquiriesevents@cotemiami.comFor,inquiriesevents@cotemiami.com
Cote,https://www.cotekoreansteakhouse.com/,there,partnerships@gracioushm.com,partnerships@gracioushm.com
Cote,https://www.cotekoreansteakhouse.com/,there,inquire@cotesingapore.com,inquire@cotesingapore.com
Cote,https://www.cotekoreansteakhouse.com/,there,reservations@cotekoreansteakhouse.com,reservations@cotekoreansteakhouse.com
Cote,https://www.cotekoreansteakhouse.com/,there,reservation@cotenyc.com,reservation@cotenyc.com
Cote,https://www.cotekoreansteakhouse.com/,there,inquiriesevent@cotenyc.comFor,inquiriesevent@cotenyc.com
Shota Omakase,https://www.shotaomakase.com/,Shota,Info@shotaomakase.com,Info@shotaomakase.com
Shota Omakase,https://www.shotaomakase.com/,Shota,reservation@shotaomakase.com,reservation@shotaomakase.com
Sunday in Brooklyn,https://www.sundayinbrooklyn.com/,Amanda,amanda@sundayhg.com,amandasundayhgcom
Sunday in Brooklyn,https://www.sundayinbrooklyn.com/,Sunday,catering@sundaybk.com,catering@sundaybk.com
Sunday in Brooklyn,https://www.sundayinbrooklyn.com/,there,hello@sundaybk.com,hello@sundaybk.com
Aldama,https://aldamarestaurantbk.com/,there,reservation@aldama-restaurant.com,reservation@aldamarestaurantcom
Aldama,https://aldamarestaurantbk.com/,there,FAQ@aldama.bk,FAQ@aldama.bk
Aldama,https://aldamarestaurantbk.com/,there,aldamabk@wearerhc.com,aldamabk@wearerhc.com
Junoon,https://www.junoonnyc.com/,there,info@junoonnyc.com,info@junoonnyc.com
Francie,https://www.franciebrooklyn.com/,Francie,info@franciebrooklyn.com,info@franciebrooklyn.com
Mesiba,http://mesibabk.com/,there,Eventsbk@bar-lab.com,Eventsbk@bar-lab.com
Meadowsweet,https://www.meadowsweetnyc.com/,there,info@meadowsweetnyc.com,info@meadowsweetnyc.com
Il Fiorista,https://www.ilfioristanyc.com/,there,events@ilfioristanyc.com,events@ilfioristanyc.com
Il Fiorista,https://www.ilfioristanyc.com/,there,info@ilfioristanyc.com,info@ilfioristanyc.com
Café Carmellini,https://www.cafecarmellini.com/,there,events@thefifthavenuehospitality.com,events@thefifthavenuehospitality.com
Miss Ada,https://www.missadanyc.com/,there,info@missadanyc.com,info@missadanyc.com
Miss Ada,https://www.missadanyc.com/,there,INFO@MISSADANYC.COMFOR,INFO@MISSADANYC.COMFOR
The Orchard Townhouse,http://www.theorchardtownhouse.com,there,info@theorchardtownhouse.com,info@theorchardtownhouse.com
Koloman,https://www.kolomanrestaurant.com/,there,reservations@kolomanrestaurant.com,reservations@kolomanrestaurant.com
Koloman,https://www.kolomanrestaurant.com/,there,jobs@kolomanrestaurant.com,jobs@kolomanrestaurant.com
Koloman,https://www.kolomanrestaurant.com/,Evyn,evyn@evynblock.com,evyn@evynblock.com
Koloman,https://www.kolomanrestaurant.com/,Koloman,info@kolomanrestaurant.com,info@kolomanrestaurant.com
Koloman,https://www.kolomanrestaurant.com/,there,info@kolomanrestaurant.comPress,info@kolomanrestaurant.com
Atomix,https://www.atomixnyc.com/,there,info@atomixnyc.com,info@atomixnyc.com
Norma Gastronomia Siciliana,https://normarestaurant.com/,there,info@normarestaurant.com,info@normarestaurant.com
Norma Gastronomia Siciliana,https://normarestaurant.com/,there,Info@normahellskitchen.com,Info@normahellskitchen.com
Norma Gastronomia Siciliana,https://normarestaurant.com/,there,info@normaturtlebay.com,infonormaturtlebaycom
Norma Gastronomia Siciliana,https://normarestaurant.com/,there,info@normamurrayhill.com,info@normamurrayhill.com
Laser Wolf,https://www.laserwolfbrooklyn.com/,there,info@laserwolfbrooklyn.com,info@laserwolfbrooklyn.com
Laser Wolf,https://www.laserwolfbrooklyn.com/,there,press@bokagrp.com,press@bokagrp.com
Seoul Salon,https://seoulsalon.nyc/,there,info@seoulsalon.nyc,info@seoulsalon.nyc
Seoul Salon,https://seoulsalon.nyc/,there,INFO@SEOULSALON.NYC,INFO@SEOULSALON.NYC
Café Mars,https://cafemarsbk.com/,there,info@cafemarsbk.com,info@cafemarsbk.com
Café Mars,https://cafemarsbk.com/,Aria,aria@fobthospitality.com,aria@fobthospitality.com
Runner & Stone,https://www.runnerandstone.com/,there,info@runnerandstone.com,info@runnerandstone.com
Runner & Stone,https://www.runnerandstone.com/,Matt,Matt@runnerandstone.com,Matt@runnerandstone.com
Runner & Stone,https://www.runnerandstone.com/,there,info@runnerandstone.com,info@runnerandstone.com
21 Greenpoint,https://www.21greenpoint.com/,there,info@21greenpoint.com,info@greenpoint.com
21 Greenpoint,https://www.21greenpoint.com/,there,events@21greenpoint.com,events@greenpoint.com
21 Greenpoint,https://www.21greenpoint.com/,there,info@greenpoint.com,info@greenpoint.com
Chez Ma Tante,https://www.chezmatantebk.com/,there,ninfo@chezmatantebk.com,ninfo@chezmatantebk.com
Chez Ma Tante,https://www.chezmatantebk.com/,there,shop@chezmatantebk.com,shop@chezmatantebk.com
Chez Ma Tante,https://www.chezmatantebk.com/,there,info@chezmatantebk.com,info@chezmatantebk.com
Chez Ma Tante,https://www.chezmatantebk.com/,there,events@chezmatantebk.com,events@chezmatantebk.com
Chez Ma Tante,https://www.chezmatantebk.com/,there,info@chezmatantebk.com,info@chezmatantebk.com
KRU,https://www.krubrooklyn.com/,there,Hello@KruBrooklyn.com,Hello@KruBrooklyn.com
Cecily,https://www.cecilybk.com/,Cecily,info@cecilybk.com,info@cecilybk.com
Đi Ăn Đi,https://www.diandi.nyc/,there,hello@diandi.nyc,hello@diandi.nyc
Tonchin,https://www.tonchinus.com/,there,info@foodexny.com,info@foodexny.com
Tonchin,https://www.tonchinus.com/,there,info@foodexny.com,info@foodexny.com
Ci Siamo,https://www.cisiamonyc.com/,there,info@cisiamonyc.com,info@cisiamonyc.com
Little Alley,https://www.littlealley.nyc/,there,info@littlealley.nycSunday,info@littlealley.nyc
Little Alley,https://www.littlealley.nyc/,there,info@littlealley.nyc,info@littlealley.nyc
Nura,https://www.nurabk.com/,there,reservations@nurabk.com,reservations@nurabk.com
Nura,https://www.nurabk.com/,there,events@nurabk.com,events@nurabk.com
,,,,
,,,,
,,,,
,,,,
,,,,
,,,,
,,,,
HOUSE Brooklyn,https://house-bk.com/,there,housebk@house-bk.com,housebk@house-bk.com
,,,,
,,,,
,,,,
,,,,
,,,,
,,,,
,,,,
,,,,
,,,,
,,,,
,,,,
Place des Fêtes,http://www.pdfnyc.com/,there,press@pdfnyc.com,
Place des Fêtes,http://www.pdfnyc.com/,there,hello@pdfnyc.com,hello@pdfnyc.com
Place des Fêtes,http://www.pdfnyc.com/,there,press@pdfnyc.com,press@pdfnyc.com
Haenyeo,https://haenyeobk.com/,there,hello@haenyeobk.com,hello@haenyeobk.com
Haenyeo,https://haenyeobk.com/,Hello,hello@haenyeobk.com,hello@haenyeobk.com
Oxomoco,https://www.oxomoconyc.com/,there,hola@oxomoconyc.com,hola@oxomoconyc.com
Oxomoco,https://www.oxomoconyc.com/,there,info@oxomoconyc.com,info@oxomoconyc.com
Peppercorn Station,https://www.peppercornstation.com/,there,peppercornstation@gmail.com,peppercornstation@gmail.com
Peppercorn Station,https://www.peppercornstation.com/,there,peppercornstation@gmail.com,peppercornstation@gmail.com
Llama Inn,https://www.llamainnnyc.com/,there,events@llamainnnyc.com,events@llamainnnyc.com
Chef's Table at Brooklyn Fare,https://www.brooklynfare.com/chefs-table/,there,chefstable@brooklynfare.com,chefstable@brooklynfare.com
LaLou,https://laloubrooklyn.com/,there,info@laloubrooklyn.com,info@laloubrooklyn.com
Le Pavillon,https://lepavillonnyc.com/,Daniel,danielboulud@berlinrosen.com,danielboulud@berlinrosen.com
Le Pavillon,https://lepavillonnyc.com/,there,INFO@LEPAVILLONNYC.COM,INFO@LEPAVILLONNYC.COM
Le Pavillon,https://lepavillonnyc.com/,there,PRESS@LEPAVILLONNYC.COM,PRESS@LEPAVILLONNYCCOM
Le Pavillon,https://lepavillonnyc.com/,there,INFO@LEPAVILLONNYC.COM,INFO@LEPAVILLONNYC.COM
Le Pavillon,https://lepavillonnyc.com/,there,events@lepavillonnyc.com,events@lepavillonnyc.com
Faun,https://faun.nyc/,there,reservations@faun.nyc,reservations@faun.nyc
Faun,https://faun.nyc/,there,info@faun.nyc,info@faun.nyc
Le Fanfare,https://www.lefanfare.com/,there,lefanfare@gmail.com,lefanfare@gmail.com
Le Fanfare,https://www.lefanfare.com/,there,lefanfare@gmail.com,lefanfare@gmail.com
Le Fanfare,https://www.lefanfare.com/,Luca,lucafaddatrumpet@gmail.com,lucafaddatrumpet@gmail.com
Fausto,https://www.faustobrooklyn.com/,Fausto,info@faustobrooklyn.com,info@faustobrooklyn.com
Fausto,https://www.faustobrooklyn.com/,Erik,erik@faustobrooklyn.com,erik@faustobrooklyn.com
Jōji,https://www.jojiny.com/,there,info@jojiny.com,info@jojiny.com
Olmsted,http://www.olmstednyc.com/,there,contact@olmstednyc.com,contact@olmstednyc.com
The Lambs Club,https://www.thelambsclub.com/,there,info@thelambsclub.com,info@thelambsclub.com
The Lambs Club,https://www.thelambsclub.com/,there,events@thelambsclub.com,events@thelambsclub.com
The Lambs Club,https://www.thelambsclub.com/,there,reservations@thelambsclub.com,reservations@thelambsclub.com
The Lambs Club,https://www.thelambsclub.com/,there,employment@thelambsclub.com,employment@thelambsclub.com
Casa Ora,https://www.casaoranyc.com/,there,events@casaoranyc.com,eventscasaoranyccom
Casa Ora,https://www.casaoranyc.com/,there,contact@casaoranyc.com,contact@casaoranyc.com
Win Son,https://winsonbrooklyn.com/,Winson,bakery@winsonbrooklyn.com,bakery@winsonbrooklyn.com
Win Son,https://winsonbrooklyn.com/,Winson,reservations@winsonbrooklyn.com,reservations@winsonbrooklyn.com
Win Son,https://winsonbrooklyn.com/,Winson,info@winsonbrooklyn.com,infowinsonbrooklyncom
Meju,https://mejunyc.com/,there,meju@littlebanchanshop.com,meju@littlebanchanshop.com
Fasano,https://www.fasanorestaurantny.com/contact/,Events,Events@fasanorestaurantny.com,Events@fasanorestaurantny.com
Fasano,https://www.fasanorestaurantny.com/contact/,there,RESERVATIONS@FASANORESTAURANTNY.COM,RESERVATIONS@FASANORESTAURANTNY.COM
Fasano,https://www.fasanorestaurantny.com/contact/,there,reserva@fasanorestaurantny.com,reserva@fasanorestaurantny.com
Fasano,https://www.fasanorestaurantny.com/contact/,there,RESERVATIONS@FASANORESTAURANTNY.COM,RESERVATIONS@FASANORESTAURANTNY.COM
Jupiter,https://www.jupiterrestaurant.nyc/,there,info@jupiterrestaurant.nyc,info@jupiterrestaurant.nyc
,,,,
,,,,
Kung Fu Little Steamed Buns Ramen,http://www.kfkitchennyc.com/,there,kungfukitchen610@gmail.com,kungfukitchen@gmail.com
Sushi Ann,https://www.sushiann.net,there,contact@sushiann.net,contact@sushiann.net
The Grill,https://thegrillnewyork.com,there,info@thegrillnewyork.com,info@thegrillnewyork.com
The Grill,https://thegrillnewyork.com,there,reservations@thegrillnewyork.com,reservations@thegrillnewyork.com
Le Jardinier New York,https://lejardinier-nyc.com/,there,eventsny@thebastioncollection.com,eventsny@thebastioncollection.com
Le Jardinier New York,https://lejardinier-nyc.com/,there,Mapinfo@lejardinier-nyc.com,Mapinfo@lejardinier-nyc.com
Le Jardinier New York,https://lejardinier-nyc.com/,there,info@lejardinier-nyc.com,info@lejardinier-nyc.com
Flora,https://www.floranyc.com/,there,info@floranyc.com,info@floranyc.com
LORE,https://www.lorebrooklyn.com/,there,info@lorebroooklyn.com,info@lorebrooklyn.com
Lobster Club,https://thelobsterclub.com/,there,info@thelobsterclub.com,info@thelobsterclub.com
Lobster Club,https://thelobsterclub.com/,there,reservations@TheLobsterClub.com,reservations@TheLobsterClub.com
Gallaghers,https://www.gallaghersnysteakhouse.com/,there,pbischoff@gallaghersnysteakhouse.com,pbischoff@gallaghersnysteakhouse.com
Gallaghers,https://www.gallaghersnysteakhouse.com/,Alan,Alan@GallaghersNYSteakhouse.com,Alan@GallaghersNYSteakhouse.com
Gallaghers,https://www.gallaghersnysteakhouse.com/,John,jmodena@gallaghersnysteakhouse.com,jmodena@gallaghersnysteakhouse.com
Gallaghers,https://www.gallaghersnysteakhouse.com/,there,cb@carlipr.com,cb@carlipr.com
Gallaghers,https://www.gallaghersnysteakhouse.com/,there,BJontow@pollgroup.net,BJontow@pollgroup.net
53,https://53-nyc.com/,there,kbolyai@altamareagroup.com,kbolyai@altamareagroup.com
53,https://53-nyc.com/,there,info@53-nyc.com,info@nyc.com.Media
53,https://53-nyc.com/,there,jobs@53-nyc.com,jobs@53-nyc.com
53,https://53-nyc.com/,there,info@53-nyc.com,info@nyc.com
,,,,
53,https://53-nyc.com/,there,press@53nyc.com,press@nyc.com
The Modern,https://www.themodernnyc.com/,there,info@themodernnyc.com,info@themodernnyc.com
Caviar Russe,https://caviarrusse.com/pages/new-york-about,there,wholesale@caviarrusse.com,wholesale@caviarrusse.com
Caviar Russe,https://caviarrusse.com/pages/new-york-about,there,Corporategifts@caviarrusse.com,Corporategifts@caviarrusse.com
Caviar Russe,https://caviarrusse.com/pages/new-york-about,there,reservationsmia@caviarrusse.com,reservationsmiacaviarrussecom
,,,,
Benoit,https://www.benoitny.com/,there,events@benoitny.com,events@benoitny.com
Benoit,https://www.benoitny.com/,there,bistrot@benoitny.com,bistrot@benoitny.com
,,,,
Aquavit,https://www.aquavit.org/,there,info@aquavit.org,info@aquavit.org
Indian Accent,https://indianaccent.com/newyork/,there,reservations.nyc@indianaccent.com,reservations.nyc@indianaccent.com
Indian Accent,https://indianaccent.com/newyork/,there,reservations.nyc@indianaccent.com,reservations.nyc@indianaccent.com
Indian Accent,https://indianaccent.com/newyork/,there,reservations.nyc@indianaccent.comLearn,reservationsnyc@indianaccentcom
Indian Accent,https://indianaccent.com/newyork/,there,reservationsreservations.nyc@indianaccent.com,reservations@indianaccent.com
Roberta's,https://www.robertaspizza.com/,there,shop@robertaspizza.com,shop@robertaspizza.com
Roberta's,https://www.robertaspizza.com/,Erin,erin.mcgee@robertaspizza.com,erin.mcgee@robertaspizza.com
Roberta's,https://www.robertaspizza.com/,there,wholesale@robertaspizza.com,wholesalerobertaspizzacom
Roberta's,https://www.robertaspizza.com/,there,contact@robertaspizza.com,contact@robertaspizza.com
Roberta's,https://www.robertaspizza.com/,there,press@robertaspizza.com,press@robertaspizza.com
Roberta's,https://www.robertaspizza.com/,there,resumes@robertaspizza.com,resumes@robertaspizza.com
Roberta's,https://www.robertaspizza.com/,there,tech@robertaspizza.com,tech@robertaspizza.com
Roberta's,https://www.robertaspizza.com/,there,events@robertaspizza.com,events@robertaspizza.com
Roberta's,https://www.robertaspizza.com/,there,info@robertaspizza.com,info@robertaspizza.com
Chola,https://www.cholany.com/,there,info@cholanyc.com,info@cholanyc.com
Chola,https://www.cholany.com/,there,info@cholanyc.com,info@cholanyc.com
Agi's Counter,https://agiscounter.com/,there,info@agiscounter.com,info@agiscounter.com
Agi's Counter,https://agiscounter.com/,Karly,karlystillman@gmail.com,karlystillman@gmail.com
Agi's Counter,https://agiscounter.com/,there,info@agiscounter.com,info@agiscounter.com
Sobre Masa,https://sobremasa.com/,there,hola@sobremasa.com,hola@sobremasa.com
Masa,https://www.masanyc.com/,there,reservation@masanyc.com,reservation@masanyc.com
Masa,https://www.masanyc.com/,there,jpark@masanyc.com,jpark@masanyc.com
Masa,https://www.masanyc.com/,there,m.ahwal@masanyc.com,mahwal@masanyc.com
Masa,https://www.masanyc.com/,there,jpark@masanyc.com,jpark@masanyc.com
Falansai,https://www.falansai.com/,Eric,eric@falansai.com,eric@falansai.com
Falansai,https://www.falansai.com/,there,hello@falansai.com,hello@falansai.com
M. Wells,https://www.magasinwells.com/,there,Info@MagasinWells.com,Info@MagasinWells.com
M. Wells,https://www.magasinwells.com/,there,EcoleDePooja@gmail.com,EcoleDePooja@gmail.com
Moti Mahal Delux,https://www.motimahaldelux.us/,there,contact@motimahaldelux.us,contact@motimahaldelux.us
Moti Mahal Delux,https://www.motimahaldelux.us/,there,contact@motimahaldelux.us,contact@motimahaldelux.us
Tatiana,https://www.tatiananyc.com/,Tatiana,tatiana@baltzco.com,tatianabaltzco.com
The Leopard at Des Artistes,https://www.theleopardnyc.com/,there,contact@theleopardnyc.com,contact@theleopardnyc.com
El Fish Marisqueria,https://www.elfish67.com/,there,info@elfish67.com,info@elfish.com
Tong,https://www.tongbrooklyn.com/,there,info@tongbrooklyn.com,infotongbrooklyncom
Tong,https://www.tongbrooklyn.com/,there,info@tongbrooklyn.com,info@tongbrooklyn.com
,,,,
Mission Ceviche,https://missionceviche.com/,there,hello@missionceviche.com,hello@missionceviche.com
Mission Ceviche,https://missionceviche.com/,there,amatosv@missionceviche.com,amatosv@missionceviche.com
Mission Ceviche,https://missionceviche.com/,there,infos@missionceviche.com,infos@missionceviche.com
Bohemian Spirit,https://bohemianspiritrestaurant.com/,there,team@latofonts.com,team@latofonts.com
Bohemian Spirit,https://bohemianspiritrestaurant.com/,there,bsrnewyork@gmail.comBohemian,bsrnewyork@gmail.comBohemian
Bohemian Spirit,https://bohemianspiritrestaurant.com/,there,bsrnewyork@gmail.com,bsrnewyork@gmail.com
Bohemian Spirit,https://bohemianspiritrestaurant.com/,there,impallari@gmail.com,impallari@gmail.com
Persepolis,https://www.persepolisnewyork.com/,there,contact@persepolisnewyork.com,contact@persepolisnewyork.com
Kebab aur Sharab,https://kebabaursharab.com,there,namaste@kebabaursharab.com,namaste@kebabaursharab.com
Sushi Noz,https://www.sushinoz.com/,there,reservations@sushinoz.com,reservations@sushinoz.com
Sushi Noz,https://www.sushinoz.com/,there,reservations@sushinoz.com.contact,reservations@sushinoz.com
Essential by Christophe,https://www.essentialbychristophe.com/,there,events@essentialhospitalitynyc.com,events@essentialhospitalitynyc.com
Covacha,https://www.covachany.com/,there,Covacha@happypeople.team,Covacha@happypeople.team
Covacha,https://www.covachany.com/,there,Covacha@happypeople.team,Covacha@happypeople.team
Nice Matin,https://www.nicematinnyc.com/,there,nicematin@chefdriven.com,nicematin@chefdriven.com
Wau,https://www.waunyc.com,there,hello@waunyc.com,hellowaunyccom
Wau,https://www.waunyc.com,there,restaurantnyc@gmail.com,restaurantnyc@gmail.com
Wau,https://www.waunyc.com,there,waurestaurantnyc@gmail.com,waurestaurantnyc@gmail.com
Eléa,http://eleanyc.com,there,info@eleanyc.com,info@eleanyc.com
,,,,
Eléa,http://eleanyc.com,Eleanyc,info@eleanyc.com,info@eleanyc.com
,,,,
Rolo's,http://www.rolosnyc.com,there,info@rolosnyc.com,info@rolosnyc.com
Rolo's,http://www.rolosnyc.com,there,bigparties@rolosnyc.com,bigparties@rolosnyc.com
Chick Chick,https://www.chickchicknyc.com/,there,chickchicknyc@gmail.com,chickchicknyc@gmail.com
Dagon,https://www.dagonnyc.com/,Dagon,dagonnyc@gmail.com,dagonnyc@gmail.com
Dagon,https://www.dagonnyc.com/,Dagon,dagonnyc@gmail.com,dagonnyc@gmail.com
Koyo,https://www.koyonewyork.com/,there,hello@koyonewyork.com,hello@koyonewyork.com
Tanoreen,https://tanoreen.com/,there,info@tanoreen.comStay,info@tanoreen.com Stay
Tanoreen,https://tanoreen.com/,there,info@tanoreen.com,info@tanoreen.com
Enoteca Maria,http://www.enotecamaria.com/wp/,there,nonnasoftheworld@gmail.com,nonnasoftheworld@gmail.com
Enoteca Maria,http://www.enotecamaria.com/wp/,Maria,content@enotecamaria.com,content@enotecamaria.com
Miss Mamie's Spoonbread Too,https://spoonbreadinc.com/,there,jgivens343@aol.com,jgivens@aol.com
Miss Mamie's Spoonbread Too,https://spoonbreadinc.com/,Darden,darden@aol.com,darden@aol.com
Miss Mamie's Spoonbread Too,https://spoonbreadinc.com/,there,darden343@aol.com,dardenaolcom
Contento,https://www.contentonyc.com/,Asia,asia@contentonyc.com,asia@contentonyc.com
Contento,https://www.contentonyc.com/,Mara,mara@contentonyc.com,mara@contentonyc.com
Contento,https://www.contentonyc.com/,there,info@contentonyc.com,info@contentonyc.com
Contento,https://www.contentonyc.com/,there,ninfo@contentonyc.com,ninfo@contentonyc.com
Contento,https://www.contentonyc.com/,Lorenz,Lorenz@contentonyc.com,Lorenz@contentonyc.com
Contento,https://www.contentonyc.com/,Jackie,jackie@contentonyc.com,jackie@contentonyc.com
Contento,https://www.contentonyc.com/,George,george@contentonyc.com,george@contentonyc.com
Contento,https://www.contentonyc.com/,there,info@contentonyc.com,info@contentonyc.com
Taverna Kyclades,https://www.tavernakyclades.com/,there,tavernakycladeseastvillage@gmail.com,tavernakycladeseastvillage@gmail.com
Taverna Kyclades,https://www.tavernakyclades.com/,there,table@email.com,table@email.com
Seppe Pizza Bar,https://www.seppepizzabar.com/,there,info@seppepizzabar.com,info@seppepizzabar.com
Melba's,https://www.melbasrestaurant.com/,Melba,events@melbasrestaurant.com,events@melbasrestaurant.com
Bonnie's,https://www.bonniesbrooklyn.com/,Bonnie,hello@bonniesbrooklyn.com,hello@bonniesbrooklyn.com
Barawine,https://www.barawine.com/,Ali,ali_94880@hotmail.com,ali@hotmail.com
Barawine,https://www.barawine.com/,there,info@barawine.com,info@barawine.com
Barawine,https://www.barawine.com/,Annelise,annelise.berthelotnyc@gmail.com,annelise.berthelotnyc@gmail.com
,,,,
Barawine,https://www.barawine.com/,there,nfo@barawine.com,nfo@barawine.com
Clay,https://www.claynyc.com/,there,hello@claynyc.com,hello@claynyc.com
Clay,https://www.claynyc.com/,Gabriela,gabriela@claynyc.com,gabriela@claynyc.com
Neta Shari,https://netashari.nyc/,there,info@netashari.nyc,info@netashari.nyc
Neta Shari,https://netashari.nyc/,there,info@netashari.nycHours,info@netashari.nyc
Hudson Smokehouse,https://www.hudsonsmokehousebx.com/,there,Hudsonsmokehousebx@gmail.com,Hudsonsmokehousebx@gmail.com
Hudson Smokehouse,https://www.hudsonsmokehousebx.com/,there,Hudsonsmokehousebx@gmail.com,Hudsonsmokehousebx@gmail.com
Oso,https://www.osoharlem.com/,there,hola@osoharlem.com,hola@osoharlem.com
Oso,https://www.osoharlem.com/,there,hola@osoharlem.com,hola@osoharlem.com
Seis Vecinos,https://www.seisvecinos.com/,there,info@seisvecinos.com,info@seisvecinos.com
Jiang Nan,http://www.jiangnanny.com/,there,info@jiangnanny.com,info@jiangnanny.com
Alley 41,https://www.alley41.com/,Andy,andy29411693@gmail.com,andy@gmail.com
Roberto's,https://www.robertosbronx.com/,there,nyc@gmail.com,nyc@gmail.com
Roberto's,https://www.robertosbronx.com/,Erlon,erlonkola@yahoo.com,erlonkola@yahoo.com
Roberto's,https://www.robertosbronx.com/,Genti,gentibx@gmail.com,gentibx@gmail.com
Roberto's,https://www.robertosbronx.com/,there,nyc@gmail.com,nyc@gmail.com
Roberto's,https://www.robertosbronx.com/,Erlon,erlon_kola@yahoo.com,erlon_kola@yahoo.com
Roberto's,https://www.robertosbronx.com/,Armonk,089armonk@gmail.com,armonk@gmail.com
Roberto's,https://www.robertosbronx.com/,Genti,genti089bx@gmail.com,gentibx@gmail.com
Roberto's,https://www.robertosbronx.com/,there,armonk@gmail.comPhone,armonk@gmail.comPhone
Roberto's,https://www.robertosbronx.com/,there,089tuckahoe@gmail.com,tuckahoegmailcom
Roberto's,https://www.robertosbronx.com/,there,089tuckahoe@gmail.comPhone,tuckahoegmailcomPhone
Çka Ka Qëllu,https://ckakaqellu.com/,there,info@ckakaqellu.com,info@ckakaqellu.com
X20 Xaviars On the Hudson,https://www.xaviars.com/,James,jjames@xaviars.com,jjames@xaviars.com
X20 Xaviars On the Hudson,https://www.xaviars.com/,there,info@xaviars.com,info@xaviars.com
Macelleria Italian Steakhouse,https://armonkmacelleria.com/,there,info@armonkmacelleria.com,info@armonkmacelleria.com
Macelleria Italian Steakhouse,https://armonkmacelleria.com/,there,info@armonkmacelleria.com,info@armonkmacelleria.com
Dubrovnik,https://www.dubrovnikny.com/,there,dubrovniknyevents@gmail.com,dubrovniknyevents@gmail.com
Dubrovnik,https://www.dubrovnikny.com/,there,dubrovniknyevents@gmail.com,dubrovniknyevents@gmail.com
,,,,
Maria Restaurant,https://www.marianewrochelle.com/,Maria,mariafata1931@gmail.com,mariafatagmailcom